"DESCRIPTION","DURATION IN MS","NAME","PARENT SUITE","START TIME","STATUS","STOP TIME","SUB SUITE","SUITE","TEST CLASS","TEST METHOD"
"","54711","Verify password policy: ""ab1!abcd""","firefox","2025-12-25","broken","2025-12-25","Practise Password Recovery Flow","password.spec.ts","",""
"","25445","Complete password recovery process","webkit","2025-12-25","failed","2025-12-25","Practise Password Recovery Flow","password.spec.ts","",""
"","26898","Verify password policy: ""AB1!ABCD""","webkit","2025-12-25","passed","2025-12-25","Practise Password Recovery Flow","password.spec.ts","",""
"","15081","Verify password policy: ""AB1!ABCD""","chromium","2025-12-25","passed","2025-12-25","Practise Password Recovery Flow","password.spec.ts","",""
"","23564","fails with invalid password","webkit","2025-12-25","failed","2025-12-25","Practice Login Form","login.spec.ts","",""
"","33842","Back to Login button works","webkit","2025-12-25","passed","2025-12-25","Practise Password Recovery Flow","password.spec.ts","",""
"","15818","Verify password policy: ""Abc1Abcd""","firefox","2025-12-25","passed","2025-12-25","Practise Password Recovery Flow","password.spec.ts","",""
"","10367","Renders all required UI elements","chromium","2025-12-25","passed","2025-12-25","Practice Web Form","webform.spec.ts","",""
"","18069","Renders all required UI elements","chromium","2025-12-25","passed","2025-12-25","Practice Login Form","login.spec.ts","",""
"","10755","Empty security code shows alert message","chromium","2025-12-25","failed","2025-12-25","Practise Password Recovery Flow","password.spec.ts","",""
"","20007","Empty email shows alert message","chromium","2025-12-25","passed","2025-12-25","Practise Password Recovery Flow","password.spec.ts","",""
"","23593","String as email shows not valid message","webkit","2025-12-25","failed","2025-12-25","Practise Password Recovery Flow","password.spec.ts","",""
"","10801","Complete password recovery process","chromium","2025-12-25","failed","2025-12-25","Practise Password Recovery Flow","password.spec.ts","",""
"","28303","Verify password policy: ""Abc!Abcd""","firefox","2025-12-25","passed","2025-12-25","Practise Password Recovery Flow","password.spec.ts","",""
"","10500","fails with invalid email","chromium","2025-12-25","failed","2025-12-25","Practice Login Form","login.spec.ts","",""
"","52975","Wrong email shows alert message","firefox","2025-12-25","broken","2025-12-25","Practise Password Recovery Flow","password.spec.ts","",""
"","50712","String as email shows not valid message","firefox","2025-12-25","broken","2025-12-25","Practise Password Recovery Flow","password.spec.ts","",""
"","26685","Empty security code shows alert message","webkit","2025-12-25","failed","2025-12-25","Practise Password Recovery Flow","password.spec.ts","",""
"","14600","Verify password policy: ""Abc1Abcd""","chromium","2025-12-25","passed","2025-12-25","Practise Password Recovery Flow","password.spec.ts","",""
"","11535","fails with invalid password","chromium","2025-12-25","failed","2025-12-25","Practice Login Form","login.spec.ts","",""
"","26395","Wrong email shows alert message","webkit","2025-12-25","failed","2025-12-25","Practise Password Recovery Flow","password.spec.ts","",""
"","43801","Wrong security code shows alert message","firefox","2025-12-25","failed","2025-12-25","Practise Password Recovery Flow","password.spec.ts","",""
"","31912","Verify password policy: ""Abc!Abcd""","webkit","2025-12-25","passed","2025-12-25","Practise Password Recovery Flow","password.spec.ts","",""
"","50448","fails with invalid email","firefox","2025-12-25","broken","2025-12-25","Practice Login Form","login.spec.ts","",""
"","35706","Submits a valid web form and shows success message","firefox","2025-12-25","broken","2025-12-25","Practice Web Form","webform.spec.ts","",""
"","9730","Wrong email shows alert message","chromium","2025-12-25","failed","2025-12-25","Practise Password Recovery Flow","password.spec.ts","",""
"","26178","Wrong security code shows alert message","webkit","2025-12-25","failed","2025-12-25","Practise Password Recovery Flow","password.spec.ts","",""
"","19114","Back to Login button works","chromium","2025-12-25","passed","2025-12-25","Practise Password Recovery Flow","password.spec.ts","",""
"","42536","fails with invalid password","firefox","2025-12-25","broken","2025-12-25","Practice Login Form","login.spec.ts","",""
"","10276","Valid login should succeed","chromium","2025-12-25","failed","2025-12-25","Practice Login Form","login.spec.ts","",""
"","56475","Verify password policy: ""Ab1!""","firefox","2025-12-25","broken","2025-12-25","Practise Password Recovery Flow","password.spec.ts","",""
"","14335","Verify password policy: ""ab1!abcd""","chromium","2025-12-25","passed","2025-12-25","Practise Password Recovery Flow","password.spec.ts","",""
"","30817","Renders all required UI elements","firefox","2025-12-25","passed","2025-12-25","Practice Web Form","webform.spec.ts","",""
"","47129","Empty email shows alert message","firefox","2025-12-25","passed","2025-12-25","Practise Password Recovery Flow","password.spec.ts","",""
"","54340","Verify password policy: ""AB1!ABCD""","firefox","2025-12-25","broken","2025-12-25","Practise Password Recovery Flow","password.spec.ts","",""
"","23279","Renders all required UI elements","webkit","2025-12-25","passed","2025-12-25","Practice Web Form","webform.spec.ts","",""
"","30672","Empty security code shows alert message","firefox","2025-12-25","failed","2025-12-25","Practise Password Recovery Flow","password.spec.ts","",""
"","20909","Verify password policy: ""Ab1!""","chromium","2025-12-25","passed","2025-12-25","Practise Password Recovery Flow","password.spec.ts","",""
"","52822","Complete password recovery process","firefox","2025-12-25","broken","2025-12-25","Practise Password Recovery Flow","password.spec.ts","",""
"","38476","Verify password policy: ""ab1!abcd""","webkit","2025-12-25","passed","2025-12-25","Practise Password Recovery Flow","password.spec.ts","",""
"","22947","fails with invalid email","webkit","2025-12-25","failed","2025-12-25","Practice Login Form","login.spec.ts","",""
"","36348","Renders all required UI elements","firefox","2025-12-25","passed","2025-12-25","Practice Login Form","login.spec.ts","",""
"","39762","Verify password policy: ""Ab1!""","webkit","2025-12-25","passed","2025-12-25","Practise Password Recovery Flow","password.spec.ts","",""
"","26319","Verify password policy: ""Abc1Abcd""","webkit","2025-12-25","passed","2025-12-25","Practise Password Recovery Flow","password.spec.ts","",""
"","10044","Wrong security code shows alert message","chromium","2025-12-25","failed","2025-12-25","Practise Password Recovery Flow","password.spec.ts","",""
"","15357","Verify password policy: ""Abc!Abcd""","chromium","2025-12-25","passed","2025-12-25","Practise Password Recovery Flow","password.spec.ts","",""
"","17510","Renders all required UI elements","webkit","2025-12-25","passed","2025-12-25","Practice Login Form","login.spec.ts","",""
"","32109","Submits a valid web form and shows success message","webkit","2025-12-25","passed","2025-12-25","Practice Web Form","webform.spec.ts","",""
"","23854","Valid login should succeed","webkit","2025-12-25","failed","2025-12-25","Practice Login Form","login.spec.ts","",""
"","19640","String as email shows not valid message","chromium","2025-12-25","passed","2025-12-25","Practise Password Recovery Flow","password.spec.ts","",""
"","37665","Back to Login button works","firefox","2025-12-25","passed","2025-12-25","Practise Password Recovery Flow","password.spec.ts","",""
"","19440","Submits a valid web form and shows success message","chromium","2025-12-25","passed","2025-12-25","Practice Web Form","webform.spec.ts","",""
"","34543","Empty email shows alert message","webkit","2025-12-25","passed","2025-12-25","Practise Password Recovery Flow","password.spec.ts","",""
"","51819","Valid login should succeed","firefox","2025-12-25","broken","2025-12-25","Practice Login Form","login.spec.ts","",""
